-- phpMyAdmin SQL Dump
-- version 5.2.0
-- https://www.phpmyadmin.net/
--
-- Host: 127.0.0.1
-- Generation Time: Oct 28, 2022 at 06:03 AM
-- Server version: 10.4.24-MariaDB
-- PHP Version: 7.4.29

SET SQL_MODE = "NO_AUTO_VALUE_ON_ZERO";
START TRANSACTION;
SET time_zone = "+00:00";


/*!40101 SET @OLD_CHARACTER_SET_CLIENT=@@CHARACTER_SET_CLIENT */;
/*!40101 SET @OLD_CHARACTER_SET_RESULTS=@@CHARACTER_SET_RESULTS */;
/*!40101 SET @OLD_COLLATION_CONNECTION=@@COLLATION_CONNECTION */;
/*!40101 SET NAMES utf8mb4 */;

--
-- Database: `ukl_spp`
--

-- --------------------------------------------------------

--
-- Table structure for table `angkatan`
--

CREATE TABLE `angkatan` (
  `id_angkatan` int(11) NOT NULL,
  `nama_angkatan` varchar(255) NOT NULL,
  `tahun_masuk` varchar(255) NOT NULL
) ENGINE=InnoDB DEFAULT CHARSET=utf8mb4;

--
-- Dumping data for table `angkatan`
--

INSERT INTO `angkatan` (`id_angkatan`, `nama_angkatan`, `tahun_masuk`) VALUES
(4, '30', '2021'),
(5, '31', '2022'),
(6, '29', '2020');

-- --------------------------------------------------------

--
-- Table structure for table `kelas`
--

CREATE TABLE `kelas` (
  `id_kelas` int(11) NOT NULL,
  `nama_kelas` varchar(20) NOT NULL,
  `jurusan` varchar(20) NOT NULL,
  `id_angkatan` int(11) NOT NULL
) ENGINE=InnoDB DEFAULT CHARSET=utf8mb4;

--
-- Dumping data for table `kelas`
--

INSERT INTO `kelas` (`id_kelas`, `nama_kelas`, `jurusan`, `id_angkatan`) VALUES
(6, 'XI RPL 1', 'RPL', 4),
(7, 'X RPL 1', 'RPL', 5);

-- --------------------------------------------------------

--
-- Table structure for table `pembayaran`
--

CREATE TABLE `pembayaran` (
  `id_pembayaran` int(11) NOT NULL,
  `id_petugas` int(11) NOT NULL,
  `NISN` char(10) NOT NULL,
  `jatuh_tempo` date NOT NULL,
  `tgl_bayar` date NOT NULL,
  `bulan_spp` int(2) NOT NULL,
  `id_spp` int(11) NOT NULL,
  `tahun_spp` int(4) NOT NULL,
  `foto_bukti` varchar(255) NOT NULL,
  `keterangan` enum('lunas','belum lunas') NOT NULL
) ENGINE=InnoDB DEFAULT CHARSET=utf8mb4;

--
-- Dumping data for table `pembayaran`
--

INSERT INTO `pembayaran` (`id_pembayaran`, `id_petugas`, `NISN`, `jatuh_tempo`, `tgl_bayar`, `bulan_spp`, `id_spp`, `tahun_spp`, `foto_bukti`, `keterangan`) VALUES
(375, 10, '0062304966', '2022-07-10', '2022-10-07', 7, 11, 2022, 'pocongkrtun.jpg', 'lunas'),
(376, 8, '0062304966', '2022-08-10', '2022-10-07', 8, 11, 2022, 'PSSI (Persatuan Sepakbola Seluruh Indonesia) Logo (PNG-1080p) - Vector69Com.png', 'lunas'),
(377, 8, '0062304966', '2022-09-10', '2022-10-07', 9, 11, 2022, '', 'lunas'),
(378, 8, '0062304966', '2022-10-10', '2022-10-07', 10, 11, 2022, '', 'lunas'),
(379, 0, '0062304966', '2022-11-10', '0000-00-00', 11, 11, 2022, '', 'belum lunas'),
(380, 0, '0062304966', '2022-12-10', '0000-00-00', 12, 11, 2022, '', 'belum lunas'),
(381, 0, '0062304966', '2023-01-10', '0000-00-00', 1, 11, 2023, '', 'belum lunas'),
(382, 0, '0062304966', '2023-02-10', '0000-00-00', 2, 11, 2023, '', 'belum lunas'),
(383, 0, '0062304966', '2023-03-10', '0000-00-00', 3, 11, 2023, '', 'belum lunas'),
(384, 0, '0062304966', '2023-04-10', '0000-00-00', 4, 11, 2023, '', 'belum lunas'),
(385, 0, '0062304966', '2023-05-10', '0000-00-00', 5, 11, 2023, '', 'belum lunas'),
(386, 0, '0062304966', '2023-06-10', '0000-00-00', 6, 11, 2023, '', 'belum lunas'),
(387, 0, '0056324562', '2022-07-10', '0000-00-00', 7, 11, 2022, '', 'belum lunas'),
(388, 0, '0056324562', '2022-08-10', '0000-00-00', 8, 11, 2022, '', 'belum lunas'),
(389, 0, '0056324562', '2022-09-10', '0000-00-00', 9, 11, 2022, '', 'belum lunas'),
(390, 0, '0056324562', '2022-10-10', '0000-00-00', 10, 11, 2022, '', 'belum lunas'),
(391, 0, '0056324562', '2022-11-10', '0000-00-00', 11, 11, 2022, '', 'belum lunas'),
(392, 0, '0056324562', '2022-12-10', '0000-00-00', 12, 11, 2022, '', 'belum lunas'),
(393, 0, '0056324562', '2023-01-10', '0000-00-00', 1, 11, 2023, '', 'belum lunas'),
(394, 0, '0056324562', '2023-02-10', '0000-00-00', 2, 11, 2023, '', 'belum lunas'),
(395, 0, '0056324562', '2023-03-10', '0000-00-00', 3, 11, 2023, '', 'belum lunas'),
(396, 0, '0056324562', '2023-04-10', '0000-00-00', 4, 11, 2023, '', 'belum lunas'),
(397, 0, '0056324562', '2023-05-10', '0000-00-00', 5, 11, 2023, '', 'belum lunas'),
(398, 0, '0056324562', '2023-06-10', '0000-00-00', 6, 11, 2023, '', 'belum lunas'),
(399, 0, '0076724671', '2022-07-10', '0000-00-00', 7, 12, 2022, 'pocongkrtun.jpg', 'belum lunas'),
(400, 0, '0076724671', '2022-08-10', '0000-00-00', 8, 12, 2022, '', 'belum lunas'),
(401, 0, '0076724671', '2022-09-10', '0000-00-00', 9, 12, 2022, '', 'belum lunas'),
(402, 0, '0076724671', '2022-10-10', '0000-00-00', 10, 12, 2022, '', 'belum lunas'),
(403, 0, '0076724671', '2022-11-10', '0000-00-00', 11, 12, 2022, '', 'belum lunas'),
(404, 0, '0076724671', '2022-12-10', '0000-00-00', 12, 12, 2022, '', 'belum lunas'),
(405, 0, '0076724671', '2023-01-10', '0000-00-00', 1, 12, 2023, '', 'belum lunas'),
(406, 0, '0076724671', '2023-02-10', '0000-00-00', 2, 12, 2023, '', 'belum lunas'),
(407, 0, '0076724671', '2023-03-10', '0000-00-00', 3, 12, 2023, '', 'belum lunas'),
(408, 0, '0076724671', '2023-04-10', '0000-00-00', 4, 12, 2023, '', 'belum lunas'),
(409, 0, '0076724671', '2023-05-10', '0000-00-00', 5, 12, 2023, '', 'belum lunas'),
(410, 0, '0076724671', '2023-06-10', '0000-00-00', 6, 12, 2023, '', 'belum lunas'),
(411, 8, '12345', '2022-07-01', '2022-10-26', 7, 11, 2022, 'WhatsApp Image 2022-10-20 at 13.21.09.jpeg', 'lunas'),
(412, 0, '12345', '2022-08-01', '0000-00-00', 8, 11, 2022, '', 'belum lunas'),
(413, 0, '12345', '2022-09-01', '0000-00-00', 9, 11, 2022, '', 'belum lunas'),
(414, 0, '12345', '2022-10-01', '0000-00-00', 10, 11, 2022, '', 'belum lunas'),
(415, 0, '12345', '2022-11-01', '0000-00-00', 11, 11, 2022, '', 'belum lunas'),
(416, 0, '12345', '2022-12-01', '0000-00-00', 12, 11, 2022, '', 'belum lunas'),
(417, 0, '12345', '2023-01-01', '0000-00-00', 1, 11, 2023, '', 'belum lunas'),
(418, 0, '12345', '2023-02-01', '0000-00-00', 2, 11, 2023, '', 'belum lunas'),
(419, 0, '12345', '2023-03-01', '0000-00-00', 3, 11, 2023, '', 'belum lunas'),
(420, 0, '12345', '2023-04-01', '0000-00-00', 4, 11, 2023, '', 'belum lunas'),
(421, 0, '12345', '2023-05-01', '0000-00-00', 5, 11, 2023, '', 'belum lunas'),
(422, 0, '12345', '2023-06-01', '0000-00-00', 6, 11, 2023, '', 'belum lunas'),
(423, 0, '12345', '2022-07-01', '0000-00-00', 7, 11, 2022, '', 'belum lunas'),
(424, 0, '12345', '2022-08-01', '0000-00-00', 8, 11, 2022, '', 'belum lunas'),
(425, 0, '12345', '2022-09-01', '0000-00-00', 9, 11, 2022, '', 'belum lunas'),
(426, 0, '12345', '2022-10-01', '0000-00-00', 10, 11, 2022, '', 'belum lunas'),
(427, 0, '12345', '2022-11-01', '0000-00-00', 11, 11, 2022, '', 'belum lunas'),
(428, 0, '12345', '2022-12-01', '0000-00-00', 12, 11, 2022, '', 'belum lunas'),
(429, 0, '12345', '2023-01-01', '0000-00-00', 1, 11, 2023, '', 'belum lunas'),
(430, 0, '12345', '2023-02-01', '0000-00-00', 2, 11, 2023, '', 'belum lunas'),
(431, 0, '12345', '2023-03-01', '0000-00-00', 3, 11, 2023, '', 'belum lunas'),
(432, 0, '12345', '2023-04-01', '0000-00-00', 4, 11, 2023, '', 'belum lunas'),
(433, 0, '12345', '2023-05-01', '0000-00-00', 5, 11, 2023, '', 'belum lunas'),
(434, 0, '12345', '2023-06-01', '0000-00-00', 6, 11, 2023, '', 'belum lunas'),
(435, 0, '12', '2022-07-01', '0000-00-00', 7, 11, 2022, '', 'belum lunas'),
(436, 0, '12', '2022-08-01', '0000-00-00', 8, 11, 2022, '', 'belum lunas'),
(437, 0, '12', '2022-09-01', '0000-00-00', 9, 11, 2022, '', 'belum lunas'),
(438, 0, '12', '2022-10-01', '0000-00-00', 10, 11, 2022, '', 'belum lunas'),
(439, 0, '12', '2022-11-01', '0000-00-00', 11, 11, 2022, '', 'belum lunas'),
(440, 0, '12', '2022-12-01', '0000-00-00', 12, 11, 2022, '', 'belum lunas'),
(441, 0, '12', '2023-01-01', '0000-00-00', 1, 11, 2023, '', 'belum lunas'),
(442, 0, '12', '2023-02-01', '0000-00-00', 2, 11, 2023, '', 'belum lunas'),
(443, 0, '12', '2023-03-01', '0000-00-00', 3, 11, 2023, '', 'belum lunas'),
(444, 0, '12', '2023-04-01', '0000-00-00', 4, 11, 2023, '', 'belum lunas'),
(445, 0, '12', '2023-05-01', '0000-00-00', 5, 11, 2023, '', 'belum lunas'),
(446, 0, '12', '2023-06-01', '0000-00-00', 6, 11, 2023, '', 'belum lunas'),
(447, 17, '123456789', '2022-07-01', '2022-10-26', 7, 11, 2022, 'WhatsApp Image 2022-09-25 at 20.57.58 (1).jpeg', 'lunas'),
(448, 0, '123456789', '2022-08-01', '0000-00-00', 8, 11, 2022, '', 'belum lunas'),
(449, 0, '123456789', '2022-09-01', '0000-00-00', 9, 11, 2022, '', 'belum lunas'),
(450, 0, '123456789', '2022-10-01', '0000-00-00', 10, 11, 2022, '', 'belum lunas'),
(451, 0, '123456789', '2022-11-01', '0000-00-00', 11, 11, 2022, '', 'belum lunas'),
(452, 0, '123456789', '2022-12-01', '0000-00-00', 12, 11, 2022, '', 'belum lunas'),
(453, 0, '123456789', '2023-01-01', '0000-00-00', 1, 11, 2023, '', 'belum lunas'),
(454, 0, '123456789', '2023-02-01', '0000-00-00', 2, 11, 2023, '', 'belum lunas'),
(455, 0, '123456789', '2023-03-01', '0000-00-00', 3, 11, 2023, '', 'belum lunas'),
(456, 0, '123456789', '2023-04-01', '0000-00-00', 4, 11, 2023, '', 'belum lunas'),
(457, 0, '123456789', '2023-05-01', '0000-00-00', 5, 11, 2023, '', 'belum lunas'),
(458, 0, '123456789', '2023-06-01', '0000-00-00', 6, 11, 2023, '', 'belum lunas'),
(459, 17, '123456', '2022-07-01', '2022-10-26', 7, 11, 2022, '', 'lunas'),
(460, 17, '123456', '2022-08-01', '2022-10-26', 8, 11, 2022, '', 'lunas'),
(461, 17, '123456', '2022-09-01', '2022-10-26', 9, 11, 2022, '', 'lunas'),
(462, 17, '123456', '2022-10-01', '2022-10-26', 10, 11, 2022, '', 'lunas'),
(463, 17, '123456', '2022-11-01', '2022-10-26', 11, 11, 2022, '', 'lunas'),
(464, 17, '123456', '2022-12-01', '2022-10-26', 12, 11, 2022, '', 'lunas'),
(465, 17, '123456', '2023-01-01', '2022-10-26', 1, 11, 2023, '', 'lunas'),
(466, 17, '123456', '2023-02-01', '2022-10-26', 2, 11, 2023, '', 'lunas'),
(467, 17, '123456', '2023-03-01', '2022-10-26', 3, 11, 2023, '', 'lunas'),
(468, 17, '123456', '2023-04-01', '2022-10-26', 4, 11, 2023, '', 'lunas'),
(469, 17, '123456', '2023-05-01', '2022-10-26', 5, 11, 2023, '', 'lunas'),
(470, 17, '123456', '2023-06-01', '2022-10-26', 6, 11, 2023, '', 'lunas'),
(471, 45, '1', '2022-07-01', '2022-10-26', 7, 11, 2022, 'WhatsApp Image 2022-10-20 at 13.21.09.jpeg', 'lunas'),
(472, 45, '1', '2022-08-01', '2022-10-27', 8, 11, 2022, 'WhatsApp Image 2022-10-20 at 13.21.09.jpeg', 'lunas'),
(473, 0, '1', '2022-09-01', '0000-00-00', 9, 11, 2022, '', 'belum lunas'),
(474, 0, '1', '2022-10-01', '0000-00-00', 10, 11, 2022, '', 'belum lunas'),
(475, 0, '1', '2022-11-01', '0000-00-00', 11, 11, 2022, '', 'belum lunas'),
(476, 0, '1', '2022-12-01', '0000-00-00', 12, 11, 2022, '', 'belum lunas'),
(477, 0, '1', '2023-01-01', '0000-00-00', 1, 11, 2023, '', 'belum lunas'),
(478, 0, '1', '2023-02-01', '0000-00-00', 2, 11, 2023, '', 'belum lunas'),
(479, 0, '1', '2023-03-01', '0000-00-00', 3, 11, 2023, '', 'belum lunas'),
(480, 0, '1', '2023-04-01', '0000-00-00', 4, 11, 2023, '', 'belum lunas'),
(481, 0, '1', '2023-05-01', '0000-00-00', 5, 11, 2023, '', 'belum lunas'),
(482, 0, '1', '2023-06-01', '0000-00-00', 6, 11, 2023, '', 'belum lunas'),
(483, 48, '2', '2022-07-10', '2022-10-27', 7, 11, 2022, 'WhatsApp Image 2022-09-25 at 20.57.58 (1).jpeg', 'lunas'),
(484, 0, '2', '2022-08-10', '0000-00-00', 8, 11, 2022, '', 'belum lunas'),
(485, 0, '2', '2022-09-10', '0000-00-00', 9, 11, 2022, '', 'belum lunas'),
(486, 0, '2', '2022-10-10', '0000-00-00', 10, 11, 2022, '', 'belum lunas'),
(487, 0, '2', '2022-11-10', '0000-00-00', 11, 11, 2022, '', 'belum lunas'),
(488, 0, '2', '2022-12-10', '0000-00-00', 12, 11, 2022, '', 'belum lunas'),
(489, 0, '2', '2023-01-10', '0000-00-00', 1, 11, 2023, '', 'belum lunas'),
(490, 0, '2', '2023-02-10', '0000-00-00', 2, 11, 2023, '', 'belum lunas'),
(491, 0, '2', '2023-03-10', '0000-00-00', 3, 11, 2023, '', 'belum lunas'),
(492, 0, '2', '2023-04-10', '0000-00-00', 4, 11, 2023, '', 'belum lunas'),
(493, 0, '2', '2023-05-10', '0000-00-00', 5, 11, 2023, '', 'belum lunas'),
(494, 0, '2', '2023-06-10', '0000-00-00', 6, 11, 2023, '', 'belum lunas'),
(495, 0, '3', '2022-07-31', '0000-00-00', 7, 11, 2022, '', 'belum lunas'),
(496, 0, '3', '2022-08-31', '0000-00-00', 8, 11, 2022, '', 'belum lunas'),
(497, 0, '3', '2022-10-01', '0000-00-00', 10, 11, 2022, '', 'belum lunas'),
(498, 0, '3', '2022-10-31', '0000-00-00', 10, 11, 2022, '', 'belum lunas'),
(499, 0, '3', '2022-12-01', '0000-00-00', 12, 11, 2022, '', 'belum lunas'),
(500, 0, '3', '2022-12-31', '0000-00-00', 12, 11, 2022, '', 'belum lunas'),
(501, 0, '3', '2023-01-31', '0000-00-00', 1, 11, 2023, '', 'belum lunas'),
(502, 0, '3', '2023-03-03', '0000-00-00', 3, 11, 2023, '', 'belum lunas'),
(503, 0, '3', '2023-03-31', '0000-00-00', 3, 11, 2023, '', 'belum lunas'),
(504, 0, '3', '2023-05-01', '0000-00-00', 5, 11, 2023, '', 'belum lunas'),
(505, 0, '3', '2023-05-31', '0000-00-00', 5, 11, 2023, '', 'belum lunas'),
(506, 0, '3', '2023-07-01', '0000-00-00', 7, 11, 2023, '', 'belum lunas'),
(507, 0, '4', '2022-06-01', '0000-00-00', 6, 11, 2022, '', 'belum lunas'),
(508, 0, '4', '2022-07-01', '0000-00-00', 7, 11, 2022, '', 'belum lunas'),
(509, 0, '4', '2022-08-01', '0000-00-00', 8, 11, 2022, '', 'belum lunas'),
(510, 0, '4', '2022-09-01', '0000-00-00', 9, 11, 2022, '', 'belum lunas'),
(511, 45, '4', '2022-10-01', '2022-10-28', 10, 11, 2022, 'WhatsApp Image 2022-09-25 at 20.57.58 (1).jpeg', 'lunas'),
(512, 0, '4', '2022-11-01', '0000-00-00', 11, 11, 2022, '', 'belum lunas'),
(513, 0, '4', '2022-12-01', '0000-00-00', 12, 11, 2022, '', 'belum lunas'),
(514, 0, '4', '2023-01-01', '0000-00-00', 1, 11, 2023, '', 'belum lunas'),
(515, 0, '4', '2023-02-01', '0000-00-00', 2, 11, 2023, '', 'belum lunas'),
(516, 0, '4', '2023-03-01', '0000-00-00', 3, 11, 2023, '', 'belum lunas'),
(517, 0, '4', '2023-04-01', '0000-00-00', 4, 11, 2023, '', 'belum lunas'),
(518, 0, '4', '2023-05-01', '0000-00-00', 5, 11, 2023, '', 'belum lunas'),
(519, 45, '5', '2022-10-01', '2022-10-27', 10, 11, 2022, 'WhatsApp Image 2022-10-20 at 13.21.09.jpeg', 'lunas'),
(520, 0, '5', '2022-11-01', '0000-00-00', 11, 11, 2022, '', 'belum lunas'),
(521, 0, '5', '2022-12-01', '0000-00-00', 12, 11, 2022, '', 'belum lunas'),
(522, 0, '5', '2023-01-01', '0000-00-00', 1, 11, 2023, '', 'belum lunas'),
(523, 0, '5', '2023-02-01', '0000-00-00', 2, 11, 2023, '', 'belum lunas'),
(524, 0, '5', '2023-03-01', '0000-00-00', 3, 11, 2023, '', 'belum lunas'),
(525, 0, '5', '2023-04-01', '0000-00-00', 4, 11, 2023, '', 'belum lunas'),
(526, 0, '5', '2023-05-01', '0000-00-00', 5, 11, 2023, '', 'belum lunas'),
(527, 0, '5', '2023-06-01', '0000-00-00', 6, 11, 2023, '', 'belum lunas'),
(528, 0, '5', '2023-07-01', '0000-00-00', 7, 11, 2023, '', 'belum lunas'),
(529, 0, '5', '2023-08-01', '0000-00-00', 8, 11, 2023, '', 'belum lunas'),
(530, 0, '5', '2023-09-01', '0000-00-00', 9, 11, 2023, '', 'belum lunas'),
(531, 0, '6', '2022-11-01', '0000-00-00', 11, 11, 2022, '', 'belum lunas'),
(532, 0, '6', '2022-12-01', '0000-00-00', 12, 11, 2022, '', 'belum lunas'),
(533, 0, '6', '2023-01-01', '0000-00-00', 1, 11, 2023, '', 'belum lunas'),
(534, 0, '6', '2023-02-01', '0000-00-00', 2, 11, 2023, '', 'belum lunas'),
(535, 0, '6', '2023-03-01', '0000-00-00', 3, 11, 2023, '', 'belum lunas'),
(536, 0, '6', '2023-04-01', '0000-00-00', 4, 11, 2023, '', 'belum lunas'),
(537, 0, '6', '2023-05-01', '0000-00-00', 5, 11, 2023, '', 'belum lunas'),
(538, 0, '6', '2023-06-01', '0000-00-00', 6, 11, 2023, '', 'belum lunas'),
(539, 0, '6', '2023-07-01', '0000-00-00', 7, 11, 2023, '', 'belum lunas'),
(540, 0, '6', '2023-08-01', '0000-00-00', 8, 11, 2023, '', 'belum lunas'),
(541, 0, '6', '2023-09-01', '0000-00-00', 9, 11, 2023, '', 'belum lunas'),
(542, 0, '6', '2023-10-01', '0000-00-00', 10, 11, 2023, '', 'belum lunas'),
(543, 0, '6', '2022-01-01', '0000-00-00', 1, 11, 2022, '', 'belum lunas'),
(544, 0, '6', '2022-02-01', '0000-00-00', 2, 11, 2022, '', 'belum lunas'),
(545, 0, '6', '2022-03-01', '0000-00-00', 3, 11, 2022, '', 'belum lunas'),
(546, 0, '6', '2022-04-01', '0000-00-00', 4, 11, 2022, '', 'belum lunas'),
(547, 0, '6', '2022-05-01', '0000-00-00', 5, 11, 2022, '', 'belum lunas'),
(548, 0, '6', '2022-06-01', '0000-00-00', 6, 11, 2022, '', 'belum lunas'),
(549, 0, '6', '2022-07-01', '0000-00-00', 7, 11, 2022, '', 'belum lunas'),
(550, 0, '6', '2022-08-01', '0000-00-00', 8, 11, 2022, '', 'belum lunas'),
(551, 0, '6', '2022-09-01', '0000-00-00', 9, 11, 2022, '', 'belum lunas'),
(552, 0, '6', '2022-10-01', '0000-00-00', 10, 11, 2022, '', 'belum lunas'),
(553, 0, '6', '2022-11-01', '0000-00-00', 11, 11, 2022, '', 'belum lunas'),
(554, 0, '6', '2022-12-01', '0000-00-00', 12, 11, 2022, '', 'belum lunas'),
(555, 0, '7', '2022-10-27', '0000-00-00', 10, 11, 2022, '', 'belum lunas'),
(556, 0, '7', '2022-11-27', '0000-00-00', 11, 11, 2022, '', 'belum lunas'),
(557, 0, '7', '2022-12-27', '0000-00-00', 12, 11, 2022, '', 'belum lunas'),
(558, 0, '7', '2023-01-27', '0000-00-00', 1, 11, 2023, '', 'belum lunas'),
(559, 0, '7', '2023-02-27', '0000-00-00', 2, 11, 2023, '', 'belum lunas'),
(560, 0, '7', '2023-03-27', '0000-00-00', 3, 11, 2023, '', 'belum lunas'),
(561, 0, '7', '2023-04-27', '0000-00-00', 4, 11, 2023, '', 'belum lunas'),
(562, 0, '7', '2023-05-27', '0000-00-00', 5, 11, 2023, '', 'belum lunas'),
(563, 0, '7', '2023-06-27', '0000-00-00', 6, 11, 2023, '', 'belum lunas'),
(564, 0, '7', '2023-07-27', '0000-00-00', 7, 11, 2023, '', 'belum lunas'),
(565, 0, '7', '2023-08-27', '0000-00-00', 8, 11, 2023, '', 'belum lunas'),
(566, 0, '7', '2023-09-27', '0000-00-00', 9, 11, 2023, '', 'belum lunas'),
(567, 0, '7', '2022-10-27', '0000-00-00', 10, 11, 2022, '', 'belum lunas'),
(568, 0, '7', '2022-11-27', '0000-00-00', 11, 11, 2022, '', 'belum lunas'),
(569, 0, '7', '2022-12-27', '0000-00-00', 12, 11, 2022, '', 'belum lunas'),
(570, 0, '7', '2023-01-27', '0000-00-00', 1, 11, 2023, '', 'belum lunas'),
(571, 0, '7', '2023-02-27', '0000-00-00', 2, 11, 2023, '', 'belum lunas'),
(572, 0, '7', '2023-03-27', '0000-00-00', 3, 11, 2023, '', 'belum lunas'),
(573, 0, '7', '2023-04-27', '0000-00-00', 4, 11, 2023, '', 'belum lunas'),
(574, 0, '7', '2023-05-27', '0000-00-00', 5, 11, 2023, '', 'belum lunas'),
(575, 0, '7', '2023-06-27', '0000-00-00', 6, 11, 2023, '', 'belum lunas'),
(576, 0, '7', '2023-07-27', '0000-00-00', 7, 11, 2023, '', 'belum lunas'),
(577, 0, '7', '2023-08-27', '0000-00-00', 8, 11, 2023, '', 'belum lunas'),
(578, 0, '7', '2023-09-27', '0000-00-00', 9, 11, 2023, '', 'belum lunas'),
(579, 0, '1', '2023-07-01', '0000-00-00', 7, 0, 2023, '', 'belum lunas'),
(580, 0, '1', '2023-08-01', '0000-00-00', 8, 0, 2023, '', 'belum lunas'),
(581, 0, '1', '2023-09-01', '0000-00-00', 9, 0, 2023, '', 'belum lunas'),
(582, 0, '1', '2023-10-01', '0000-00-00', 10, 0, 2023, '', 'belum lunas'),
(583, 0, '1', '2023-11-01', '0000-00-00', 11, 0, 2023, '', 'belum lunas'),
(584, 0, '1', '2023-12-01', '0000-00-00', 12, 0, 2023, '', 'belum lunas'),
(585, 0, '1', '2024-01-01', '0000-00-00', 1, 0, 2024, '', 'belum lunas'),
(586, 0, '1', '2024-02-01', '0000-00-00', 2, 0, 2024, '', 'belum lunas'),
(587, 0, '1', '2024-03-01', '0000-00-00', 3, 0, 2024, '', 'belum lunas'),
(588, 0, '1', '2024-04-01', '0000-00-00', 4, 0, 2024, '', 'belum lunas'),
(589, 0, '1', '2024-05-01', '0000-00-00', 5, 0, 2024, '', 'belum lunas'),
(590, 0, '1', '2024-06-01', '0000-00-00', 6, 0, 2024, '', 'belum lunas'),
(591, 48, '1', '2022-07-01', '2022-10-27', 7, 0, 2022, '', 'lunas'),
(592, 0, '1', '2022-08-01', '0000-00-00', 8, 0, 2022, '', 'belum lunas'),
(593, 0, '1', '2022-09-01', '0000-00-00', 9, 0, 2022, '', 'belum lunas'),
(594, 0, '1', '2022-10-01', '0000-00-00', 10, 0, 2022, '', 'belum lunas'),
(595, 0, '1', '2022-11-01', '0000-00-00', 11, 0, 2022, '', 'belum lunas'),
(596, 0, '1', '2022-12-01', '0000-00-00', 12, 0, 2022, '', 'belum lunas'),
(597, 0, '1', '2023-01-01', '0000-00-00', 1, 0, 2023, '', 'belum lunas'),
(598, 0, '1', '2023-02-01', '0000-00-00', 2, 0, 2023, '', 'belum lunas'),
(599, 0, '1', '2023-03-01', '0000-00-00', 3, 0, 2023, '', 'belum lunas'),
(600, 0, '1', '2023-04-01', '0000-00-00', 4, 0, 2023, '', 'belum lunas'),
(601, 0, '1', '2023-05-01', '0000-00-00', 5, 0, 2023, '', 'belum lunas'),
(602, 0, '1', '2023-06-01', '0000-00-00', 6, 0, 2023, '', 'belum lunas'),
(603, 0, '7', '2022-10-27', '0000-00-00', 10, 11, 2022, '', 'belum lunas'),
(604, 0, '7', '2022-11-27', '0000-00-00', 11, 11, 2022, '', 'belum lunas'),
(605, 0, '7', '2022-12-27', '0000-00-00', 12, 11, 2022, '', 'belum lunas'),
(606, 0, '7', '2023-01-27', '0000-00-00', 1, 11, 2023, '', 'belum lunas'),
(607, 0, '7', '2023-02-27', '0000-00-00', 2, 11, 2023, '', 'belum lunas'),
(608, 0, '7', '2023-03-27', '0000-00-00', 3, 11, 2023, '', 'belum lunas'),
(609, 0, '7', '2023-04-27', '0000-00-00', 4, 11, 2023, '', 'belum lunas'),
(610, 0, '7', '2023-05-27', '0000-00-00', 5, 11, 2023, '', 'belum lunas'),
(611, 0, '7', '2023-06-27', '0000-00-00', 6, 11, 2023, '', 'belum lunas'),
(612, 0, '7', '2023-07-27', '0000-00-00', 7, 11, 2023, '', 'belum lunas'),
(613, 0, '7', '2023-08-27', '0000-00-00', 8, 11, 2023, '', 'belum lunas'),
(614, 0, '7', '2023-09-27', '0000-00-00', 9, 11, 2023, '', 'belum lunas'),
(615, 0, '5', '2023-07-01', '0000-00-00', 7, 0, 2023, '', 'belum lunas'),
(616, 0, '5', '2023-08-01', '0000-00-00', 8, 0, 2023, '', 'belum lunas'),
(617, 0, '5', '2023-09-01', '0000-00-00', 9, 0, 2023, '', 'belum lunas'),
(618, 0, '5', '2023-10-01', '0000-00-00', 10, 0, 2023, '', 'belum lunas'),
(619, 0, '5', '2023-11-01', '0000-00-00', 11, 0, 2023, '', 'belum lunas'),
(620, 0, '5', '2023-12-01', '0000-00-00', 12, 0, 2023, '', 'belum lunas'),
(621, 0, '5', '2024-01-01', '0000-00-00', 1, 0, 2024, '', 'belum lunas'),
(622, 0, '5', '2024-02-01', '0000-00-00', 2, 0, 2024, '', 'belum lunas'),
(623, 0, '5', '2024-03-01', '0000-00-00', 3, 0, 2024, '', 'belum lunas'),
(624, 0, '5', '2024-04-01', '0000-00-00', 4, 0, 2024, '', 'belum lunas'),
(625, 0, '5', '2024-05-01', '0000-00-00', 5, 0, 2024, '', 'belum lunas'),
(626, 0, '5', '2024-06-01', '0000-00-00', 6, 0, 2024, '', 'belum lunas'),
(627, 0, '7', '2022-07-07', '0000-00-00', 7, 0, 2022, '', 'belum lunas'),
(628, 0, '7', '2022-08-07', '0000-00-00', 8, 0, 2022, '', 'belum lunas'),
(629, 0, '7', '2022-09-07', '0000-00-00', 9, 0, 2022, '', 'belum lunas'),
(630, 0, '7', '2022-10-07', '0000-00-00', 10, 0, 2022, '', 'belum lunas'),
(631, 0, '7', '2022-11-07', '0000-00-00', 11, 0, 2022, '', 'belum lunas'),
(632, 0, '7', '2022-12-07', '0000-00-00', 12, 0, 2022, '', 'belum lunas'),
(633, 0, '7', '2023-01-07', '0000-00-00', 1, 0, 2023, '', 'belum lunas'),
(634, 0, '7', '2023-02-07', '0000-00-00', 2, 0, 2023, '', 'belum lunas'),
(635, 0, '7', '2023-03-07', '0000-00-00', 3, 0, 2023, '', 'belum lunas'),
(636, 0, '7', '2023-04-07', '0000-00-00', 4, 0, 2023, '', 'belum lunas'),
(637, 0, '7', '2023-05-07', '0000-00-00', 5, 0, 2023, '', 'belum lunas'),
(638, 0, '7', '2023-06-07', '0000-00-00', 6, 0, 2023, '', 'belum lunas'),
(639, 0, '3', '2022-12-01', '0000-00-00', 12, 0, 2022, '', 'belum lunas'),
(640, 0, '3', '2023-01-01', '0000-00-00', 1, 0, 2023, '', 'belum lunas'),
(641, 0, '3', '2023-02-01', '0000-00-00', 2, 0, 2023, '', 'belum lunas'),
(642, 0, '3', '2023-03-01', '0000-00-00', 3, 0, 2023, '', 'belum lunas'),
(643, 0, '3', '2023-04-01', '0000-00-00', 4, 0, 2023, '', 'belum lunas'),
(644, 0, '3', '2023-05-01', '0000-00-00', 5, 0, 2023, '', 'belum lunas'),
(645, 0, '3', '2023-06-01', '0000-00-00', 6, 0, 2023, '', 'belum lunas'),
(646, 0, '3', '2023-07-01', '0000-00-00', 7, 0, 2023, '', 'belum lunas'),
(647, 0, '3', '2023-08-01', '0000-00-00', 8, 0, 2023, '', 'belum lunas'),
(648, 0, '3', '2023-09-01', '0000-00-00', 9, 0, 2023, '', 'belum lunas'),
(649, 0, '3', '2023-10-01', '0000-00-00', 10, 0, 2023, '', 'belum lunas'),
(650, 0, '3', '2023-11-01', '0000-00-00', 11, 0, 2023, '', 'belum lunas'),
(651, 0, '3', '2022-12-01', '0000-00-00', 12, 11, 2022, '', 'belum lunas'),
(652, 0, '3', '2023-01-01', '0000-00-00', 1, 11, 2023, '', 'belum lunas'),
(653, 0, '3', '2023-02-01', '0000-00-00', 2, 11, 2023, '', 'belum lunas'),
(654, 0, '3', '2023-03-01', '0000-00-00', 3, 11, 2023, '', 'belum lunas'),
(655, 0, '3', '2023-04-01', '0000-00-00', 4, 11, 2023, '', 'belum lunas'),
(656, 0, '3', '2023-05-01', '0000-00-00', 5, 11, 2023, '', 'belum lunas'),
(657, 0, '3', '2023-06-01', '0000-00-00', 6, 11, 2023, '', 'belum lunas'),
(658, 0, '3', '2023-07-01', '0000-00-00', 7, 11, 2023, '', 'belum lunas'),
(659, 0, '3', '2023-08-01', '0000-00-00', 8, 11, 2023, '', 'belum lunas'),
(660, 0, '3', '2023-09-01', '0000-00-00', 9, 11, 2023, '', 'belum lunas'),
(661, 0, '3', '2023-10-01', '0000-00-00', 10, 11, 2023, '', 'belum lunas'),
(662, 0, '3', '2023-11-01', '0000-00-00', 11, 11, 2023, '', 'belum lunas');

-- --------------------------------------------------------

--
-- Table structure for table `petugas`
--

CREATE TABLE `petugas` (
  `id_petugas` int(11) NOT NULL,
  `username` varchar(255) NOT NULL,
  `password` varchar(255) NOT NULL,
  `nama_petugas` varchar(255) NOT NULL,
  `level` enum('petugas','admin') NOT NULL
) ENGINE=InnoDB DEFAULT CHARSET=utf8mb4;

--
-- Dumping data for table `petugas`
--

INSERT INTO `petugas` (`id_petugas`, `username`, `password`, `nama_petugas`, `level`) VALUES
(45, 'fadhil', 'fc646ab58bc3535f15cebaf9caa144e6', 'fadhil', 'admin'),
(48, 'fadhil', 'c81e728d9d4c2f636f067f89cc14862c', 'fadhil', 'petugas'),
(50, 'user', 'c81e728d9d4c2f636f067f89cc14862c', 'user', 'admin');

-- --------------------------------------------------------

--
-- Table structure for table `siswa`
--

CREATE TABLE `siswa` (
  `NISN` char(10) NOT NULL,
  `NIS` char(8) NOT NULL,
  `nama` varchar(50) NOT NULL,
  `id_kelas` int(11) NOT NULL,
  `alamat` text NOT NULL,
  `no_tlp` varchar(13) NOT NULL,
  `password` varchar(255) NOT NULL,
  `id` int(11) NOT NULL,
  `foto_siswa` varchar(255) NOT NULL
) ENGINE=InnoDB DEFAULT CHARSET=utf8mb4;

--
-- Dumping data for table `siswa`
--

INSERT INTO `siswa` (`NISN`, `NIS`, `nama`, `id_kelas`, `alamat`, `no_tlp`, `password`, `id`, `foto_siswa`) VALUES
('1', '1', 'fadil', 6, 'l', '1', 'c4ca4238a0b923820dcc509a6f75849b', 2091548979, ''),
('2', '2', 'fadil', 6, 'q', '2', 'c81e728d9d4c2f636f067f89cc14862c', 615058423, ''),
('3', '3', 'fadil', 6, 'q', '3', 'eccbc87e4b5ce2fe28308fd9f2a7baf3', 1307552556, ''),
('4', '4', 'fadil', 6, 'q', '4', 'a87ff679a2f3e71d9181a67b7542122c', 1424711512, '');

-- --------------------------------------------------------

--
-- Table structure for table `spp`
--

CREATE TABLE `spp` (
  `id_spp` int(11) NOT NULL,
  `id_angkatan` int(11) NOT NULL,
  `tahun` varchar(20) NOT NULL,
  `nominal` int(11) NOT NULL
) ENGINE=InnoDB DEFAULT CHARSET=utf8mb4;

--
-- Dumping data for table `spp`
--

INSERT INTO `spp` (`id_spp`, `id_angkatan`, `tahun`, `nominal`) VALUES
(11, 4, '2022/2023', 600000),
(12, 5, '2022/2023', 700000);

--
-- Indexes for dumped tables
--

--
-- Indexes for table `angkatan`
--
ALTER TABLE `angkatan`
  ADD PRIMARY KEY (`id_angkatan`);

--
-- Indexes for table `kelas`
--
ALTER TABLE `kelas`
  ADD PRIMARY KEY (`id_kelas`),
  ADD KEY `angkatan` (`id_angkatan`);

--
-- Indexes for table `pembayaran`
--
ALTER TABLE `pembayaran`
  ADD PRIMARY KEY (`id_pembayaran`),
  ADD KEY `id_petugas` (`id_petugas`),
  ADD KEY `NISN` (`NISN`),
  ADD KEY `id_spp` (`id_spp`);

--
-- Indexes for table `petugas`
--
ALTER TABLE `petugas`
  ADD PRIMARY KEY (`id_petugas`);

--
-- Indexes for table `siswa`
--
ALTER TABLE `siswa`
  ADD PRIMARY KEY (`NISN`),
  ADD UNIQUE KEY `NIS` (`NIS`),
  ADD UNIQUE KEY `id` (`id`),
  ADD KEY `id_kelas` (`id_kelas`);

--
-- Indexes for table `spp`
--
ALTER TABLE `spp`
  ADD PRIMARY KEY (`id_spp`),
  ADD KEY `angkatan` (`id_angkatan`),
  ADD KEY `id_angkatan` (`id_angkatan`);

--
-- AUTO_INCREMENT for dumped tables
--

--
-- AUTO_INCREMENT for table `angkatan`
--
ALTER TABLE `angkatan`
  MODIFY `id_angkatan` int(11) NOT NULL AUTO_INCREMENT, AUTO_INCREMENT=7;

--
-- AUTO_INCREMENT for table `kelas`
--
ALTER TABLE `kelas`
  MODIFY `id_kelas` int(11) NOT NULL AUTO_INCREMENT, AUTO_INCREMENT=8;

--
-- AUTO_INCREMENT for table `pembayaran`
--
ALTER TABLE `pembayaran`
  MODIFY `id_pembayaran` int(11) NOT NULL AUTO_INCREMENT, AUTO_INCREMENT=663;

--
-- AUTO_INCREMENT for table `petugas`
--
ALTER TABLE `petugas`
  MODIFY `id_petugas` int(11) NOT NULL AUTO_INCREMENT, AUTO_INCREMENT=51;

--
-- AUTO_INCREMENT for table `spp`
--
ALTER TABLE `spp`
  MODIFY `id_spp` int(11) NOT NULL AUTO_INCREMENT, AUTO_INCREMENT=13;

--
-- Constraints for dumped tables
--

--
-- Constraints for table `kelas`
--
ALTER TABLE `kelas`
  ADD CONSTRAINT `kelas_ibfk_1` FOREIGN KEY (`id_angkatan`) REFERENCES `angkatan` (`id_angkatan`) ON DELETE CASCADE ON UPDATE CASCADE;

--
-- Constraints for table `siswa`
--
ALTER TABLE `siswa`
  ADD CONSTRAINT `siswa_ibfk_1` FOREIGN KEY (`id_kelas`) REFERENCES `kelas` (`id_kelas`) ON DELETE CASCADE ON UPDATE CASCADE;

--
-- Constraints for table `spp`
--
ALTER TABLE `spp`
  ADD CONSTRAINT `spp_ibfk_1` FOREIGN KEY (`id_angkatan`) REFERENCES `angkatan` (`id_angkatan`) ON DELETE CASCADE ON UPDATE CASCADE;
COMMIT;

/*!40101 SET CHARACTER_SET_CLIENT=@OLD_CHARACTER_SET_CLIENT */;
/*!40101 SET CHARACTER_SET_RESULTS=@OLD_CHARACTER_SET_RESULTS */;
/*!40101 SET COLLATION_CONNECTION=@OLD_COLLATION_CONNECTION */;
